[{"id":"user-image-ww.jpg","publicUrl":"np://user.desktop.nicepage.com/Site_174986569/images/ww.jpg","size":26494,"hash":"LP1m0xdG9Nx4VlJg0qdnXdUlHAo=","fileName":"ww.jpg","name":"ww","width":1980,"height":1080,"thumbnail":{"url":"np://user.desktop.nicepage.com/Site_174986569/images/thumbnails/ww.jpg","width":250,"height":136},"originalUrl":"//images03.nicepage.com/c461c07a441a5d220e8feb1a/3d897337dc365d319501cff2/ww.jpg","usages":["58223450"]},{"id":"user-image-jj.jpg","publicUrl":"np://user.desktop.nicepage.com/Site_174986569/images/jj.jpg","size":120880,"hash":"uG+1hTdkiX29lwTRHJrHyzVuvPg=","fileName":"jj.jpg","name":"jj","width":900,"height":900,"thumbnail":{"url":"np://user.desktop.nicepage.com/Site_174986569/images/thumbnails/jj.jpg","width":250,"height":250},"originalUrl":"//images01.nicepage.com/c461c07a441a5d220e8feb1a/1a195103cd0c5d3694846c4e/jj.jpg","usages":["58223450"]},{"id":"user-image-logo.jpg","publicUrl":"np://user.desktop.nicepage.com/Site_174986569/images/logo.jpg","size":14655,"hash":"NwLtL/qX1RCk3KUryiSir9IUS2c=","fileName":"logo.jpg","name":"logo","width":400,"height":400,"thumbnail":{"url":"np://user.desktop.nicepage.com/Site_174986569/images/thumbnails/logo.jpg","width":250,"height":250},"usages":[]},{"id":"user-image-smartmockups_ld76df7e.jpg","publicUrl":"np://user.desktop.nicepage.com/Site_174986569/images/smartmockups_ld76df7e.jpg","size":107712,"hash":"LDWKPSWaVpfrvnBWZigOrvMzX18=","fileName":"smartmockups_ld76df7e.jpg","name":"smartmockups_ld76df7e","width":1280,"height":853,"thumbnail":{"url":"np://user.desktop.nicepage.com/Site_174986569/images/thumbnails/smartmockups_ld76df7e.jpg","width":250,"height":167},"usages":["58223450"]},{"id":"user-image-KoBoToolbox.png","publicUrl":"np://user.desktop.nicepage.com/Site_174986569/images/KoBoToolbox.png","size":260401,"hash":"axO2F05q9RUDz51BasW6evN/yZw=","fileName":"KoBoToolbox.png","name":"KoBoToolbox","width":2675,"height":1574,"thumbnail":{"url":"np://user.desktop.nicepage.com/Site_174986569/images/thumbnails/KoBoToolbox.png","width":250,"height":147},"usages":["58223450"]},{"id":"user-image-valeria-fursa-Qcfjjxio9r0-unsplash.jpg","publicUrl":"np://user.desktop.nicepage.com/Site_174986569/images/valeria-fursa-Qcfjjxio9r0-unsplash.jpg","size":89243,"hash":"zQib22L5DqcTBQ4eG+LaH42hOVw=","fileName":"valeria-fursa-Qcfjjxio9r0-unsplash.jpg","name":"valeria-fursa-Qcfjjxio9r0-unsplash","width":1024,"height":676,"thumbnail":{"url":"np://user.desktop.nicepage.com/Site_174986569/images/thumbnails/valeria-fursa-Qcfjjxio9r0-unsplash.jpg","width":250,"height":165},"usages":["58223450"]},{"id":"user-image-odk_color.png","publicUrl":"np://user.desktop.nicepage.com/Site_174986569/images/odk_color.png","size":3797,"hash":"r5YpYawxtdRzxSumgnBZrCiag7w=","fileName":"odk_color.png","name":"odk_color","width":128,"height":128,"thumbnail":{"url":"np://user.desktop.nicepage.com/Site_174986569/images/thumbnails/odk_color.png","width":128,"height":128,"length":3797,"type":"png"},"usages":["58223450"]},{"id":"user-image-kobotoolbox_opengraph_image.png","publicUrl":"np://user.desktop.nicepage.com/Site_174986569/images/kobotoolbox_opengraph_image.png","size":32701,"hash":"O4wL7Cb1Copf7FxOYPG5UPB7iVc=","fileName":"kobotoolbox_opengraph_image.png","name":"kobotoolbox_opengraph_image","width":1200,"height":630,"thumbnail":{"url":"np://user.desktop.nicepage.com/Site_174986569/images/thumbnails/kobotoolbox_opengraph_image.png","width":250,"height":131},"usages":["58223450"]},{"id":"user-image-Reviews.png","publicUrl":"np://user.desktop.nicepage.com/Site_174986569/images/Reviews.png","size":86029,"hash":"A/9viFaVdCM4DZkGNspoH8gwZeU=","fileName":"Reviews.png","name":"Reviews","width":876,"height":585,"thumbnail":{"url":"np://user.desktop.nicepage.com/Site_174986569/images/thumbnails/Reviews.png","width":250,"height":167},"usages":["58223450"]},{"id":"user-image-10461004.png","publicUrl":"np://user.desktop.nicepage.com/Site_174986569/images/10461004.png","size":5150,"hash":"/1mqiPr+iH94FQqlJC+FhKcrFAk=","fileName":"10461004.png","name":"10461004","width":128,"height":128,"thumbnail":{"url":"np://user.desktop.nicepage.com/Site_174986569/images/thumbnails/10461004.png","width":128,"height":128,"length":5150,"type":"png"},"usages":["58223450"]}]